jpid,USE1Code,USE1Desc,USE2Code,USE2Desc,USE3Code,USE3Desc
20822000010000 ,TSC,Azuma 1,NA,NA,NA,NA
20822000010100 ,TSC,Azuma 2,NA,NA,NA,NA
20822000010200 ,TSC,Azuma 3,NA,NA,NA,NA
20822000010300 ,TSC,Azuma 4,NA,NA,NA,NA
20822000050000 ,TSC,Amakubo 1,NA,NA,NA,NA
20822000050100 ,TSC,Amakubo 2 (Univ Tsukuba),NA,NA,NA,NA
20822000050200 ,TSC,Amakubo 3 (Univ Tsukuba),NA,NA,NA,NA
20822000050300 ,TSC,Amakubo 4,NA,NA,NA,NA
20822000090001 ,LEG,Ueno,TEXP,[Nakane-Kontadai] Harukazedai,NA,NA
20822000090002 ,LEG,Ueno,NA,NA,NA,NA
20822000090003 ,LEG,Ueno,NA,NA,NA,NA
20822000090004 ,LEG,Ueno,NA,NA,NA,NA
20822000100000 ,LEG,Uenomuro,NA,NA,NA,NA
20822000110000 ,TSC,Umezono 1,NA,NA,NA,NA
20822000110100 ,TSC,Umezono 2,NA,NA,NA,NA
20822000130000 ,LEG,O,NA,NA,NA,NA
20822000140000 ,LEG,Okamura Shinden,NA,NA,NA,NA
20822000150001 ,LEG,Kamizakai,TEXP,[Nakane-Kontadai] Harukazedai/Sakuranomori,NA,NA
20822000150002 ,LEG,Kamizakai,NA,NA,NA,NA
20822000150003 ,LEG,Kamizakai,NA,NA,NA,NA
20822000150004 ,LEG,Kamizakai,NA,NA,NA,NA
20822000150005 ,LEG,Kamizakai,NA,NA,NA,NA
20822000150006 ,LEG,Kamizakai,NA,NA,NA,NA
20822000150007 ,LEG,Kamizakai,NA,NA,NA,NA
20822000160000 ,LEG,Kamihirooka,RDV,Noda,NA,NA
20822000170000 ,LEG,Kise,NA,NA,NA,NA
20822000180001 ,LEG,Kurakake,NA,NA,NA,NA
20822000180002 ,LEG,Kurakake,NA,NA,NA,NA
20822000190001 ,LEG,Kurihara,RDV,Sakuradai,NA,NA
20822000190002 ,LEG,Kurihara,NA,NA,NA,NA
20822000190003 ,LEG,Kurihara,NA,NA,NA,NA
20822000190004 ,LEG,Kurihara,NA,NA,NA,NA
20822000200000 ,LEG,Konda,TEXP,[Nakane-Kontadai] Sakuranomori/Ryuseidai,PTR,Sakai (R8)
20822000210000 ,LEG,Saiki,NA,NA,NA,NA
20822000220001 ,LEG,Sakai,PTR,Sakai (R8),NA,NA
20822000220002 ,LEG,Sakai,NA,NA,NA,NA
20822000220003 ,LEG,Sakai,NA,NA,NA,NA
20822000220004 ,LEG,Sakai,NA,NA,NA,NA
20822000220005 ,LEG,Sakai,NA,NA,NA,NA
20822000220006 ,LEG,Sakai,NA,NA,NA,NA
20822000220007 ,LEG,Sakai,NA,NA,NA,NA
20822000230001 ,LEG,Sasagi,NA,NA,NA,NA
20822000230002 ,LEG,Sasagi,NA,NA,NA,NA
20822000240000 ,LEG,Shibasaki,TEXP,[Nakane-Kontadai] Sakuranomori/Ryuseidai,RDV,Gakuendai Central
20822000250000 ,LEG,Shimohirooka,RDV,Sakura New Town,NA,NA
20822000260000 ,LEG,Matsusakai,PTR,Sakai (R8),NA,NA
20822000270000 ,TSC,Sengen 1,NA,NA,NA,NA
20822000270100 ,TSC,Sengen 2,NA,NA,NA,NA
20822000290000 ,TSC,Takezono 1,NA,NA,NA,NA
20822000290100 ,TSC,Takezono 2,NA,NA,NA,NA
20822000290200 ,TSC,Takezono 3,NA,NA,NA,NA
20822000320000 ,TSC,Tennodai 1 Univ Tsukuba,NA,NA,NA,NA
20822000320100 ,TSC,Tennodai 2 Univ Tsukuba,NA,NA,NA,NA
20822000320200 ,TSC,Tennodai 3 NIED,NA,NA,NA,NA
20822000350001 ,LEG,Nakane,TEXP,[Nakane-Kontadai] Sakuranomori,PTR,Sakai (R8)
20822000350002 ,LEG,Nakane,NA,NA,NA,NA
20822000350003 ,LEG,Nakane,NA,NA,NA,NA
20822000360000 ,TSC,Namiki 1,NA,NA,NA,NA
20822000360100 ,TSC,Namiki 2,NA,NA,NA,NA
20822000360200 ,TSC,Namiki 3,NA,NA,NA,NA
20822000360300 ,TSC,Namiki 4,NA,NA,NA,NA
20822000400001 ,LEG,Hanamuro,NA,NA,NA,NA
20822000400002 ,LEG,Hanamuro,NA,NA,NA,NA
20822000400003 ,LEG,Hanamuro,NA,NA,NA,NA
20822000400004 ,LEG,Hanamuro,NA,NA,NA,NA
20822000410000 ,LEG,Higashioka,NA,NA,NA,NA
20822000420000 ,LEG,Furuku,NA,NA,NA,NA
20822000430001 ,LEG,Matsuzuka,NA,NA,NA,NA
20822000430002 ,LEG,Matsuzuka,NA,NA,NA,NA
20822000430003 ,LEG,Matsuzuka,NA,NA,NA,NA
20822000440001 ,LEG,Yokomachi,PTR,Sakai (R8),NA,NA
20822000440002 ,LEG,Yokomachi,NA,NA,NA,NA
20822000440003 ,LEG,Yokomachi,NA,NA,NA,NA
20822000440004 ,LEG,Yokomachi,NA,NA,NA,NA
20822000440005 ,LEG,Yokomachi,NA,NA,NA,NA
20822000440006 ,LEG,Yokomachi,NA,NA,NA,NA
20822000440007 ,LEG,Yokomachi,NA,NA,NA,NA
20822000440008 ,LEG,Yokomachi,NA,NA,NA,NA
20822000440009 ,LEG,Yokomachi,NA,NA,NA,NA
20822000440010 ,LEG,Yokomachi,NA,NA,NA,NA
20822000440011 ,LEG,Yokomachi,NA,NA,NA,NA
20822000450001 ,LEG,Akatsuka,RDV,Toho Land,NA,NA
20822000450002 ,LEG,Akatsuka,NA,NA,NA,NA
20822000460001 ,LEG,Arai,NA,NA,NA,NA
20822000460002 ,LEG,Arai,NA,NA,NA,NA
20822000460003 ,LEG,Arai,NA,NA,NA,NA
20822000470001 ,LEG,Aramakida,NA,NA,NA,NA
20822000470002 ,LEG,Aramakida,NA,NA,NA,NA
20822000470003 ,LEG,Aramakida,NA,NA,NA,NA
20822000480000 ,LEG,Iida,TEXP,[Chizumaru] Midorino Higashi,NA,NA
20822000490001 ,LEG,Ichinodai,RDV,Ichinodai,NA,NA
20822000490002 ,LEG,Ichinodai,NA,NA,NA,NA
20822000500001 ,LEG,Inaoka,NA,NA,NA,NA
20822000500002 ,LEG,Inaoka,NA,NA,NA,NA
20822000510000 ,TSC,Inarimae,NA,NA,NA,NA
20822000520001 ,LEG,Imaizumi,NA,NA,NA,NA
20822000520002 ,LEG,Imaizumi,NA,NA,NA,NA
20822000520003 ,LEG,Imaizumi,NA,NA,NA,NA
20822000520004 ,LEG,Imaizumi,NA,NA,NA,NA
20822000520005 ,LEG,Imaizumi,NA,NA,NA,NA
20822000520006 ,LEG,Imaizumi,NA,NA,NA,NA
20822000530000 ,LEG,Enokido,NA,NA,NA,NA
20822000540000 ,LEG,Ojirahazama,NA,NA,NA,NA
20822000550000 ,TSC,Owashi,NA,NA,NA,NA
20822000560000 ,LEG,Onigakubo,NA,NA,NA,NA
20822000570000 ,TSC,Onogawa,NA,NA,NA,NA
20822000580000 ,LEG,Onozaki,NA,NA,NA,NA
20822000590000 ,LEG,Omonoi,NA,NA,NA,NA
20822000600001 ,LEG,Kajiuchi,NA,NA,NA,NA
20822000600002 ,LEG,Kajiuchi,NA,NA,NA,NA
20822000600003 ,LEG,Kajiuchi,NA,NA,NA,NA
20822000610000 ,TSC,Kasuga 1,NA,NA,NA,NA
20822000610100 ,TSC,Kasuga 2,NA,NA,NA,NA
20822000610200 ,TSC,Kasuga 3,NA,NA,NA,NA
20822000610300 ,TSC,Kasuga 4,NA,NA,NA,NA
20822000650000 ,IND,Katata,LEG,Katata,TEXP,[Chizumaru] Midorino Minami C
20822000660000 ,LEG,Katsuraginesaki,NA,NA,NA,NA
20822000670000 ,LEG,Kamikayamaru,TEXP,[Chizumaru] Midorino,NA,NA
20822000680001 ,LEG,Kamikawarazaki,TEXP,[Kamikawarazaki-Nakanishi],NA,NA
20822000680002 ,LEG,Kamikawarazaki,NA,NA,NA,NA
20822000680003 ,LEG,Kamikawarazaki,NA,NA,NA,NA
20822000690001 ,LEG,Kamihara,NA,NA,NA,NA
20822000690002 ,LEG,Kamihara,NA,NA,NA,NA
20822000690003 ,LEG,Kamihara,NA,NA,NA,NA
20822000690004 ,LEG,Kamihara,NA,NA,NA,NA
20822000690005 ,LEG,Kamihara,NA,NA,NA,NA
20822000690006 ,LEG,Kamihara,NA,NA,NA,NA
20822000690007 ,LEG,Kamihara,NA,NA,NA,NA
20822000690008 ,LEG,Kamihara,NA,NA,NA,NA
20822000700001 ,LEG,Kamiyokoba,NA,NA,NA,NA
20822000700002 ,LEG,Kamiyokoba,NA,NA,NA,NA
20822000710001 ,LEG,Karima,NA,NA,NA,NA
20822000710002 ,LEG,Karima,NA,NA,NA,NA
20822000710003 ,LEG,Karima,NA,NA,NA,NA
20822000710004 ,LEG,Karima,NA,NA,NA,NA
20822000710005 ,LEG,Karima,NA,NA,NA,NA
20822000720000 ,TSC,Kannondai 1,IND,Research Park Hanare,NA,NA
20822000720100 ,TSC,Kannondai 2,NA,NA,NA,NA
20822000720200 ,TSC,Kannondai 3,NA,NA,NA,NA
20822000750000 ,TSC,Kitasato - GSI,NA,NA,NA,NA
20822000760001 ,LEG,Kitanakajima,RDV,Kitanakajima-Gakuen Green Town,NA,NA
20822000760002 ,LEG,Kitanakajima,NA,NA,NA,NA
20822000770000 ,LEG,Kitanakazuma,NA,NA,NA,NA
20822000780100 ,TSC,Koyadai 1,NA,NA,NA,NA
20822000780200 ,TSC,Koyadai 2,NA,NA,NA,NA
20822000780300 ,TSC,Koyadai 3,NA,NA,NA,NA
20822000820001 ,LEG,Kojirahazama,RDV,Green Town,NA,NA
20822000820002 ,LEG,Kojirahazama,NA,NA,NA,NA
20822000830000 ,LEG,Saigo,NA,NA,NA,NA
20822000840001 ,LEG,Sakaida,NA,NA,NA,NA
20822000840002 ,LEG,Sakaida,NA,NA,NA,NA
20822000840003 ,LEG,Sakaida,NA,NA,NA,NA
20822000850000 ,LEG,Sakaimatsu,NA,NA,NA,NA
20822000860000 ,LEG,Shima,NA,NA,NA,NA
20822000870000 ,LEG,Shimana,TEXP,[Kamikawarazaki-Nakanishi],NA,NA
20822000880001 ,LEG,Shimokayamaru,TEXP,[Chizumaru] Midorino Chuo,NA,NA
20822000880002 ,LEG,Shimokayamaru,TEXP,[Chizumaru] Midorino,NA,NA
20822000880003 ,LEG,Shimokayamaru,NA,NA,NA,NA
20822000880004 ,LEG,Shimokayamaru,NA,NA,NA,NA
20822000890000 ,LEG,Shimokawarazaki,TEXP,[Kamikawarazaki-Nakanishi],NA,NA
20822000900001 ,LEG,Shimohara,NA,NA,NA,NA
20822000900002 ,LEG,Shimohara,NA,NA,NA,NA
20822000910000 ,LEG,Shimohiratsuka,NA,NA,NA,NA
20822000920000 ,LEG,Shimobeppu,NA,NA,NA,NA
20822000930000 ,LEG,Shimoyokoba,RDV,Shimoyokoba,NA,NA
20822000940001 ,LEG,Taira,NA,NA,NA,NA
20822000940002 ,LEG,Taira,NA,NA,NA,NA
20822000950001 ,LEG,Takasuka,NA,NA,NA,NA
20822000950002 ,LEG,Takasuka,NA,NA,NA,NA
20822000960000 ,LEG,Takata,NA,NA,NA,NA
20822000970001 ,LEG,Takarada,NA,NA,NA,NA
20822000970002 ,LEG,Takarada,NA,NA,NA,NA
20822000980001 ,LEG,Tateno,NA,NA,NA,NA
20822000980002 ,LEG,Tateno,NA,NA,NA,NA
20822000980003 ,LEG,Tateno,NA,NA,NA,NA
20822000980004 ,LEG,Tateno,NA,NA,NA,NA
20822000990000 ,LEG,Teshirogi,NA,NA,NA,NA
20822001000001 ,LEG,Nakauchi,NA,NA,NA,NA
20822001000002 ,LEG,Nakauchi,NA,NA,NA,NA
20822001000003 ,LEG,Nakauchi,NA,NA,NA,NA
20822001010000 ,LEG,Nakano,TEXP,[Chizumaru] Midorino Chuo,NA,NA
20822001020000 ,LEG,Nakabeppu,RDV,Beppu Gakuendai,NA,NA
20822001030000 ,TSC,Nagamine,NA,NA,NA,NA
20822001040000 ,LEG,Nabenuma Shinden,NA,NA,NA,NA
20822001050001 ,LEG,Nishionuma,NA,NA,NA,NA
20822001050002 ,LEG,Nishionuma,NA,NA,NA,NA
20822001050003 ,LEG,Nishionuma,NA,NA,NA,NA
20822001060001 ,LEG,Nishiohashi,NA,NA,NA,NA
20822001060002 ,LEG,Nishiohashi,NA,NA,NA,NA
20822001060003 ,LEG,Nishiohashi,NA,NA,NA,NA
20822001070001 ,LEG,Nishioka,NA,NA,NA,NA
20822001070002 ,LEG,Nishioka,NA,NA,NA,NA
20822001080000 ,LEG,Nishikuriyama,TEXP,[Chizumaru] Midorino,NA,NA
20822001090000 ,TSC,Nishihara,NA,NA,NA,NA
20822001100000 ,LEG,Nishihiratsuka,NA,NA,NA,NA
20822001110000 ,TSC,Ninomiya 1,NA,NA,NA,NA
20822001110100 ,TSC,Ninomiya 2,NA,NA,NA,NA
20822001110200 ,TSC,Ninomiya 3,NA,NA,NA,NA
20822001110300 ,TSC,Ninomiya 4,NA,NA,NA,NA
20822001150000 ,LEG,Nezaki,NA,NA,NA,NA
20822001160000 ,TSC,Hachimandai,NA,NA,NA,NA
20822001170001 ,LEG,Hanashima Shinden,TEXP,[Chizumaru] Midorino,NA,NA
20822001170002 ,LEG,Hanashima Shinden,TEXP,[Chizumaru] Midorino,NA,NA
20822001180001 ,LEG,Hanare,NA,NA,NA,NA
20822001180002 ,LEG,Hanare,NA,NA,NA,NA
20822001200000 ,TSC,Higashi 1,NA,NA,NA,NA
20822001200100 ,TSC,Higashi 2,NA,NA,NA,NA
20822001220000 ,TSC,Higashiarai,NA,NA,NA,NA
20822001230001 ,LEG,Higashihiratsuka,NA,NA,NA,NA
20822001230002 ,LEG,Higashihiratsuka,NA,NA,NA,NA
20822001240001 ,LEG,Higashimaruyama,NA,NA,NA,NA
20822001240002 ,LEG,Higashimaruyama,NA,NA,NA,NA
20822001240003 ,LEG,Higashimaruyama,NA,NA,NA,NA
20822001240004 ,LEG,Higashimaruyama,NA,NA,NA,NA
20822001240005 ,LEG,Higashimaruyama,NA,NA,NA,NA
20822001250000 ,TSC,Fujimoto,NA,NA,NA,NA
20822001260001 ,LEG,Furudate,TEXP,[Chizumaru] Midorino Higashi,NA,NA
20822001260002 ,LEG,Furudate,NA,NA,NA,NA
20822001270001 ,LEG,Mase,RDV,Fujimigaoka,NA,NA
20822001270002 ,LEG,Mase,NA,NA,NA,NA
20822001270003 ,LEG,Mase,NA,NA,NA,NA
20822001280000 ,TSC,Matsushiro 1,NA,NA,NA,NA
20822001280100 ,TSC,Matsushiro 2,NA,NA,NA,NA
20822001280200 ,TSC,Matsushiro 3,NA,NA,NA,NA
20822001280300 ,TSC,Matsushiro 4,NA,NA,NA,NA
20822001280400 ,TSC,Matsushiro 5,NA,NA,NA,NA
20822001330000 ,LEG,Matsunoki,NA,NA,NA,NA
20822001340001 ,LEG,Mizuhori,NA,NA,NA,NA
20822001340002 ,LEG,Mizuhori,NA,NA,NA,NA
20822001350000 ,RDV,Midorigaoka,NA,NA,NA,NA
20822001360001 ,LEG,Minaminakazuma,RDV,Minaminakazuma Central,NA,NA
20822001360002 ,LEG,Minaminakazuma,NA,NA,NA,NA
20822001360003 ,LEG,Minaminakazuma,NA,NA,NA,NA
20822001360004 ,LEG,Minaminakazuma,NA,NA,NA,NA
20822001370000 ,IND,Tsukuba West Ind Park,NA,NA,NA,NA
20822001380001 ,LEG,Yagihashi,NA,NA,NA,NA
20822001380002 ,LEG,Yagihashi,NA,NA,NA,NA
20822001390001 ,LEG,Yatabe,PTR,Yatabe,NA,NA
20822001390002 ,LEG,Yatabe,TEXP,[Chizumaru] Midorino Chuo,NA,NA
20822001390003 ,LEG,Yatabe,NA,NA,NA,NA
20822001390004 ,LEG,Yatabe,NA,NA,NA,NA
20822001390005 ,LEG,Yatabe,NA,NA,NA,NA
20822001400001 ,LEG,Yamanaka,RDV,Yamanaka Gakuendai,NA,NA
20822001400002 ,LEG,Yamanaka,NA,NA,NA,NA
20822001400003 ,LEG,Yamanaka,NA,NA,NA,NA
20822001400004 ,LEG,Yamanaka,NA,NA,NA,NA
20822001400005 ,LEG,Yamanaka,NA,NA,NA,NA
20822001400006 ,LEG,Yamanaka,NA,NA,NA,NA
20822001400007 ,LEG,Yamanaka,NA,NA,NA,NA
20822001400008 ,LEG,Yamanaka,NA,NA,NA,NA
20822001400009 ,LEG,Yamanaka,NA,NA,NA,NA
20822001400010 ,LEG,Yamanaka,NA,NA,NA,NA
20822001400011 ,LEG,Yamanaka,NA,NA,NA,NA
20822001400012 ,LEG,Yamanaka,NA,NA,NA,NA
20822001400013 ,LEG,Yamanaka,NA,NA,NA,NA
20822001410001 ,TSC,Asahi,NA,NA,NA,NA
20822001410002 ,TSC,Asahi,NA,NA,NA,NA
20822001420000 ,LEG,Imagashima,RDV,Ina,NA,NA
20822001430001 ,LEG,Kamigo,PTR,Kamigo (R8),NA,NA
20822001430002 ,LEG,Kamigo,RDV,Toyosato Green Town,NA,NA
20822001440000 ,LEG,Kamisato,NA,NA,NA,NA
20822001450000 ,LEG,Koya,NA,NA,NA,NA
20822001460000 ,LEG,Konomata,NA,NA,NA,NA
20822001470000 ,LEG,Sakemaru,NA,NA,NA,NA
20822001480000 ,LEG,Takura,NA,NA,NA,NA
20822001490000 ,LEG,Tsuchida,NA,NA,NA,NA
20822001500000 ,LEG,Tegomaru,NA,NA,NA,NA
20822001510000 ,NTD,Tokodai 1,NA,NA,NA,NA
20822001510100 ,NTD,Tokodai 2,NA,NA,NA,NA
20822001510200 ,NTD,Tokodai 3,NA,NA,NA,NA
20822001510300 ,NTD,Tokodai 4,NA,NA,NA,NA
20822001510400 ,IND,Tokodai 5,NA,NA,NA,NA
20822001560001 ,LEG,Tohigashi,NA,NA,NA,NA
20822001560002 ,LEG,Tohigashi,NA,NA,NA,NA
20822001570000 ,LEG,Nakahigashihara Shinden,NA,NA,NA,NA
20822001580001 ,LEG,Numazaki,NA,NA,NA,NA
20822001580002 ,LEG,Numazaki,NA,NA,NA,NA
20822001590000 ,LEG,Nobata,NA,NA,NA,NA
20822001600000 ,LEG,Hakke,NA,NA,NA,NA
20822001610000 ,IND,Technopark Toyosato,NA,NA,NA,NA
20822001610100 ,IND,Technopark Toyosato,NA,NA,NA,NA
20822001610200 ,IND,Technopark Toyosato,NA,NA,NA,NA
20822001610300 ,IND,Technopark Toyosato,NA,NA,NA,NA
20822001650000 ,LEG,Osuna,RDV,Toshin,NA,NA
20822001660001 ,LEG,Ozone,PTR,Ozone (R8),NTD,Yakushicho
20822001660002 ,LEG,Ozone,NA,NA,NA,NA
20822001670001 ,TSC,Oho (KEK),NA,NA,NA,NA
20822001670002 ,LEG,Oho,NA,NA,NA,NA
20822001680000 ,LEG,Osagoya,NA,NA,NA,NA
20822001690000 ,LEG,Kashimadai,NA,NA,NA,NA
20822001700000 ,LEG,Kaname,RDV,Nakane-Hitachi,NA,NA
20822001710000 ,IND,Technopark Oho (Kitahara),NA,NA,NA,NA
20822001720001 ,LEG,Goninuke,NA,NA,NA,NA
20822001720002 ,LEG,Goninuke,NA,NA,NA,NA
20822001720003 ,LEG,Goninuke,NA,NA,NA,NA
20822001720004 ,LEG,Goninuke,NA,NA,NA,NA
20822001720005 ,LEG,Goninuke,NA,NA,NA,NA
20822001730000 ,LEG,Sa,NA,NA,NA,NA
20822001740000 ,LEG,Shinozaki,NA,NA,NA,NA
20822001750000 ,TSC,Tachihara (BRI NITS),NA,NA,NA,NA
20822001760000 ,LEG,Tamatori,NA,NA,NA,NA
20822001770000 ,LEG,Nishigoya,RDV,Shiramizu,NA,NA
20822001780001 ,TSC,Nishizawa,NA,NA,NA,NA
20822001780002 ,LEG,Nishizawa,NA,NA,NA,NA
20822001780003 ,LEG,Nishizawa,NA,NA,NA,NA
20822001790000 ,LEG,Hasenuma,NA,NA,NA,NA
20822001800000 ,TSC,Hanabatake (NTT),NA,NA,NA,NA
20822001800100 ,TSC,Hanabatake (NTT),NA,NA,NA,NA
20822001800200 ,TSC,Hanabatake,NA,NA,NA,NA
20822001830000 ,LEG,Motozawa,NA,NA,NA,NA
20822001840000 ,LEG,Maeno,NA,NA,NA,NA
20822001850000 ,TSC,Minamihara,NA,NA,NA,NA
20822001860000 ,LEG,Yoshinuma,PTR,Yoshinuma (R8),NA,NA
20822001870000 ,LEG,Wakamori,NA,NA,NA,NA
20822001880000 ,LEG,Akeshi,NA,NA,NA,NA
20822001890000 ,LEG,Ajiki,RDV,Iriai-Shinshiramizu,NA,NA
20822001900000 ,LEG,Ikeda,NA,NA,NA,NA
20822001910000 ,LEG,Izumi,NA,NA,NA,NA
20822001920000 ,LEG,Isobe,NA,NA,NA,NA
20822001930000 ,LEG,Usui,NA,NA,NA,NA
20822001940001 ,LEG,Urushijo,NA,NA,NA,NA
20822001940002 ,LEG,Urushijo,NA,NA,NA,NA
20822001940003 ,LEG,Urushijo,NA,NA,NA,NA
20822001950000 ,LEG,Ogata,NA,NA,NA,NA
20822001960000 ,LEG,Onuki,NA,NA,NA,NA
20822001970001 ,LEG,Ozawa,NA,NA,NA,NA
20822001970002 ,LEG,Ozawa,NA,NA,NA,NA
20822001970003 ,LEG,Ozawa,NA,NA,NA,NA
20822001970004 ,LEG,Ozawa,NA,NA,NA,NA
20822001980000 ,LEG,Oda,PTR,Oda (R8),NA,NA
20822001990000 ,LEG,Kamioshima,IND,Kamioshima Ind Park,NA,NA
20822002000000 ,TSC,Kamizawa - KEK,NA,NA,NA,NA
20822002010000 ,LEG,Kamisugama,NA,NA,NA,NA
20822002020001 ,LEG,Kangori,NA,NA,NA,NA
20822002020002 ,LEG,Kangori,NA,NA,NA,NA
20822002030000 ,LEG,Kitaota,NA,NA,NA,NA
20822002040000 ,LEG,Kimijima,NA,NA,NA,NA
20822002050001 ,LEG,Kunimatsu,NA,NA,NA,NA
20822002050002 ,LEG,Kunimatsu,NA,NA,NA,NA
20822002060000 ,LEG,Koizumi,NA,NA,NA,NA
20822002070000 ,LEG,Koyahara Shinden,NA,NA,NA,NA
20822002080000 ,LEG,Kowada,NA,NA,NA,NA
20822002090000 ,LEG,Shimooshima,NA,NA,NA,NA
20822002100000 ,LEG,Suginoki,NA,NA,NA,NA
20822002110001 ,LEG,Tanaka,NA,NA,NA,NA
20822002110002 ,LEG,Tanaka,NA,NA,NA,NA
20822002110003 ,LEG,Tanaka,NA,NA,NA,NA
20822002120001 ,LEG,Tsukuba,NA,NA,NA,NA
20822002120002 ,LEG,Tsukuba,NA,NA,NA,NA
20822002120003 ,LEG,Tsukuba,NA,NA,NA,NA
20822002120004 ,LEG,Tsukuba,NA,NA,NA,NA
20822002120005 ,LEG,Tsukuba,NA,NA,NA,NA
20822002120006 ,LEG,Tsukuba,NA,NA,NA,NA
20822002120007 ,LEG,Tsukuba,NA,NA,NA,NA
20822002120008 ,LEG,Tsukuba,NA,NA,NA,NA
20822002120009 ,LEG,Tsukuba,NA,NA,NA,NA
20822002120010 ,LEG,Tsukuba,NA,NA,NA,NA
20822002120011 ,LEG,Tsukuba,NA,NA,NA,NA
20822002120012 ,LEG,Tsukuba,NA,NA,NA,NA
20822002120013 ,LEG,Tsukuba,NA,NA,NA,NA
20822002120014 ,LEG,Tsukuba,NA,NA,NA,NA
20822002120015 ,LEG,Tsukuba,NA,NA,NA,NA
20822002120016 ,LEG,Tsukuba,NA,NA,NA,NA
20822002120017 ,LEG,Tsukuba,NA,NA,NA,NA
20822002120018 ,LEG,Tsukuba,NA,NA,NA,NA
20822002130000 ,LEG,Tsukuriya,NA,NA,NA,NA
20822002140001 ,LEG,Teragu,NA,NA,NA,NA
20822002140002 ,LEG,Teragu,NA,NA,NA,NA
20822002140003 ,LEG,Teragu,NA,NA,NA,NA
20822002150000 ,LEG,Nakasugama,NA,NA,NA,NA
20822002160001 ,LEG,Numata,NA,NA,NA,NA
20822002160002 ,LEG,Numata,NA,NA,NA,NA
20822002160003 ,LEG,Numata,NA,NA,NA,NA
20822002160004 ,LEG,Numata,NA,NA,NA,NA
20822002170000 ,LEG,Hirasawa,NA,NA,NA,NA
20822002180001 ,LEG,Hojo,PTR,Hojo (R8),NA,NA
20822002180002 ,LEG,Hojo,NA,NA,NA,NA
20822002180003 ,LEG,Hojo,NA,NA,NA,NA
20822002180004 ,LEG,Hojo,NA,NA,NA,NA
20822002180005 ,LEG,Hojo,NA,NA,NA,NA
20822002180006 ,LEG,Hojo,NA,NA,NA,NA
20822002180007 ,LEG,Hojo,NA,NA,NA,NA
20822002180008 ,LEG,Hojo,NA,NA,NA,NA
20822002180009 ,LEG,Hojo,NA,NA,NA,NA
20822002190001 ,LEG,Horage,RDV,Oneyama,NA,NA
20822002190002 ,LEG,Horage,NA,NA,NA,NA
20822002200001 ,LEG,Mimori,NA,NA,NA,NA
20822002200002 ,LEG,Mimori,NA,NA,NA,NA
20822002210001 ,LEG,Yamaki,NA,NA,NA,NA
20822002210002 ,LEG,Yamaki,NA,NA,NA,NA
20822002210003 ,LEG,Yamaki,NA,NA,NA,NA
20822002220000 ,LEG,Yamaguchi,NA,NA,NA,NA
20822002230000 ,IND,Wadai - North Ind Park,NA,NA,NA,NA
20822002240000 ,IND,Technopark Oho (Okubo),NA,NA,NA,NA
20822002250000 ,NTD,Sakura 1,NA,NA,NA,NA
20822002250100 ,NTD,Sakura 2,NA,NA,NA,NA
20822002250200 ,NTD,Sakura 3,IND,Technopark Sakura,NA,NA
20822002280001 ,LEG,Tamiyama,NA,NA,NA,NA
20822002280002 ,LEG,Tamiyama,NA,NA,NA,NA
20822002290000 ,RDV,Toyosato no Mori 1,NA,NA,NA,NA
20822002290100 ,RDV,Toyosato no Mori 2,NA,NA,NA,NA
20822002310000 ,NTD,Tsukuho 1,NA,NA,NA,NA
20822002310100 ,NTD,Tsukuho 2,NA,NA,NA,NA
20822002310200 ,NTD,Tsukuho 3,NA,NA,NA,NA
20822002340000 ,RDV,Ashibino,NA,NA,NA,NA
20822002350000 ,LEG,Amaboki,NA,NA,NA,NA
20822002360000 ,TSC,Ikenodai,NA,NA,NA,NA
20822002370000 ,LEG,Ikemukai,NA,NA,NA,NA
20822002380000 ,LEG,Inarigawa,NA,NA,NA,NA
20822002390001 ,LEG,Inarihara,NA,NA,NA,NA
20822002390002 ,LEG,Inarihara,NA,NA,NA,NA
20822002400000 ,RDV,Umegaoka,NA,NA,NA,NA
20822002410000 ,LEG,Oi,NA,NA,NA,NA
20822002420000 ,LEG,Ofunato,NA,NA,NA,NA
20822002430001 ,LEG,Oguki,NA,NA,NA,NA
20822002430002 ,LEG,Oguki,NA,NA,NA,NA
20822002430003 ,LEG,Oguki,NA,NA,NA,NA
20822002440001 ,LEG,Kamiiwasaki,NA,NA,NA,NA
20822002440002 ,LEG,Kamiiwasaki,NA,NA,NA,NA
20822002450000 ,LEG,Kyumantsubo,NA,NA,NA,NA
20822002460000 ,LEG,Kukizaki,NA,NA,NA,NA
20822002470000 ,LEG,Komagome,NA,NA,NA,NA
20822002480000 ,LEG,Koyama,NA,NA,NA,NA
20822002490000 ,RDV,Sakuragaoka,NA,NA,NA,NA
20822002500001 ,LEG,Shimoiwasaki,NA,NA,NA,NA
20822002500002 ,LEG,Shimoiwasaki,NA,NA,NA,NA
20822002510000 ,RDV,Jiyugaoka,NA,NA,NA,NA
20822002520000 ,RDV,Shiroyama,NA,NA,NA,NA
20822002530001 ,LEG,Sugama,NA,NA,NA,NA
20822002530002 ,LEG,Sugama,NA,NA,NA,NA
20822002530003 ,LEG,Sugama,NA,NA,NA,NA
20822002540001 ,LEG,Takasaki,NA,NA,NA,NA
20822002540002 ,LEG,Takasaki,NA,NA,NA,NA
20822002550000 ,LEG,Takamihara 1,PTR,Takamihara (R8),NA,NA
20822002550100 ,LEG,Takamihara 2,PTR,Takamihara (R8),NA,NA
20822002550200 ,LEG,Takamihara 3,RDV,Takamihara 3,NA,NA
20822002550300 ,LEG,Takamihara 4,PTR,Takamihara (R8),NA,NA
20822002550400 ,LEG,Takamihara 5,PTR,Takamihara (R8),NA,NA
20822002600000 ,LEG,Nakayama,NA,NA,NA,NA
20822002610000 ,LEG,Nishioi,NA,NA,NA,NA
20822002620000 ,TSC,Nishinozawa,NA,NA,NA,NA
20822002630001 ,LEG,Hassaki,NA,NA,NA,NA
20822002630002 ,LEG,Hassaki,NA,NA,NA,NA
20822002630003 ,LEG,Hassaki,NA,NA,NA,NA
20822002640000 ,LEG,Hinosawa,NA,NA,NA,NA
20822002650000 ,RDV,Fujimidai,NA,NA,NA,NA
20822002660000 ,LEG,Bochi,NA,NA,NA,NA
20822002670001 ,RDV,Hoyodai,NA,NA,NA,NA
20822002670002 ,LEG,Hoyodai,NA,NA,NA,NA
20822002680000 ,LEG,Hosomi,NA,NA,NA,NA
20822002690000 ,TSC,Makizono,NA,NA,NA,NA
20822002700000 ,TSC,Matsunosato,NA,NA,NA,NA
20822002710000 ,LEG,Myojin,NA,NA,NA,NA
20822002720000 ,RDV,Morinosato,NA,NA,NA,NA
20822002730000 ,LEG,Rokuto,NA,NA,NA,NA
20822002740001 ,LEG,Wakaguri,NA,NA,NA,NA
20822002740002 ,LEG,Wakaguri,NA,NA,NA,NA
20822002750000 ,TSC,Wakaba,NA,NA,NA,NA
20822002760000 ,LEG,Takanohara,NA,NA,NA,NA
20822002770000 ,LEG,Wadaihara,NA,NA,NA,NA
20822002780001 ,LEG,Kamikawarazaki,TEXP,[Kamikawarazaki-Nakanishi],NA,NA
20822002780002 ,LEG,Kamikawarazaki,NA,NA,NA,NA
20822002830000 ,TEXP,[Katsuragi] Kenkyugakuen 1,NA,NA,NA,NA
20822002830100 ,TEXP,[Katsuragi] Kenkyugakuen 2,NA,NA,NA,NA
20822002830200 ,TEXP,[Katsuragi] Kenkyugakuen 3,NA,NA,NA,NA
20822002830300 ,TEXP,[Katsuragi] Kenkyugakuen 4,NA,NA,NA,NA
20822002830400 ,TEXP,[Katsuragi] Kenkyugakuen 5,NA,NA,NA,NA
20822002830500 ,TEXP,[Katsuragi] Kenkyugakuen 6,NA,NA,NA,NA
20822002830600 ,TEXP,[Katsuragi] Kenkyugakuen 7,NA,NA,NA,NA
20822002840600 ,TEXP,[Katsuragi] Gakuen no Mori 1,NA,NA,NA,NA
20822002840700 ,TEXP,[Katsuragi] Gakuen no Mori 2,NA,NA,NA,NA
20822002840800 ,TEXP,[Katsuragi] Gakuen no Mori 3,NA,NA,NA,NA
20822002850800 ,TEXP,[Katsuragi] Gakuenminami 1,NA,NA,NA,NA
20822002850900 ,TEXP,[Katsuragi] Gakuenminami 2,NA,NA,NA,NA
20822002851000 ,TEXP,[Katsuragi] Gakuenminami 3,NA,NA,NA,NA
20822002880900 ,NTD,Hanazono,NA,NA,NA,NA
20822002920800 ,NTD,Daimachi 1,NA,NA,NA,NA
20822002920900 ,NTD,Daimachi 2,NA,NA,NA,NA
20822002921000 ,NTD,Daimachi 3,NA,NA,NA,NA
